Topic,Digital Restrictions for Minors
Query,"(""social media ban minors"" OR ""gaming restrictions minors"" OR ""screen time policy"" OR ""protect children online"") since:2026-06-14 until:2026-06-29 lang:en -is:retweet"
Save Path,C:/Users/Minghao Lin/PycharmProjects/SURF/result\Digital_Restrictions_for_Minors_2026-06-14_to_2026-06-29
Tweet ID,Topic,Tweet Date,Display Name,User Name,Tweet URL,Tweet Content,Favorite Count,Retweet Count,Reply Count,Relevant,Gold Label,Notes
2071089516044259603,Digital Restrictions for Minors,2026-06-28 12:33,Matt Williams,@WeTheNorth_23,https://x.com/WeTheNorth_23/status/2071089516044259603,"I will always side with the children. Always. No exceptions. No asterisks.
Let me be direct about something that too many politicians are afraid to say out loud.
Willfully exposing children to adult nudity is not a celebration. It is not inclusion. It is not pride. It is a",0,0,0,0,,
2071089161734656466,Digital Restrictions for Minors,2026-06-28 12:31,Matt Williams,@WeTheNorth_23,https://x.com/WeTheNorth_23/status/2071089161734656466,"@JupitersArcherD @ChantaleBerger3 I will always side with the children. Always. No exceptions. No asterisks.
Let me be direct about something that too many politicians are afraid to say out loud.
Willfully exposing children to adult nudity is not a celebration. It is not inclusion. It is not pride. It is a",0,0,0,0,,
2071079497940566377,Digital Restrictions for Minors,2026-06-28 11:53,Parents Rise,@Parents_Rise,https://x.com/Parents_Rise/status/2071079497940566377,"The KIDS Act claims to protect children online, but only weakens accountability for Big Tech by removing key protections around harms like eating disorders, suicide, and addiction. Sign the petition at the link below to stand with us.",0,0,0,1,2,
2071069334512771412,Digital Restrictions for Minors,2026-06-28 11:13,Robert Foster,@techwhipped,https://x.com/techwhipped/status/2071069334512771412,"@Parents_Rise I understand where you're coming from, and I'm truly sorry for the parents who have lost their children. No parent should ever have to experience that kind of pain. I think we all share the same goal of wanting to protect children online and reduce the risks they face from",5,2,0,1,3,
2070961408343445988,Digital Restrictions for Minors,2026-06-28 04:04,"Rep. Kim Schrier, M.D.",@RepKimSchrier,https://x.com/RepKimSchrier/status/2070961408343445988,"Passing legislation to protect kids online has been a main priority of mine as a mom, pediatrician, and member of Congress.

I am excited to pass the KIDS Act in the House, a much-needed bill that will help protect children online and hold Big Tech accountable. 

I'm proud to",5,4,13,1,1,
2070905113754095729,Digital Restrictions for Minors,2026-06-28 00:20,Robert Foster,@techwhipped,https://x.com/techwhipped/status/2070905113754095729,"@EkGaetan @redumbrellaclub which specific point is wrong. Everyone agrees we should protect children online. The disagreement is about whether mandatory age verification actually solves the problem.

1. What actually prevents a child from using someone else's already verified account? If a parent, older",4,0,0,1,3,
2070890504695451744,Digital Restrictions for Minors,2026-06-27 23:22,US_facade,@US_facade31,https://x.com/US_facade31/status/2070890504695451744,"@AmericaPapaBear Governments use children to creat new laws &amp; restrictions on law abiding citizens. For example; age verification on monitoring systems! They say it's to protect children online. In reality it's a violation of the 1st, 4th,  5th &amp; 14th amendment rights! Rights you won't get back!",2,0,0,1,2,
2070751544170152424,Digital Restrictions for Minors,2026-06-27 14:10,Moiz Mustafa Naria,@Moizzz_08,https://x.com/Moizzz_08/status/2070751544170152424,"Sri Lanka hasn't introduced similar restrictions.

But the question is no longer hypothetical.

As more countries act, the pressure to decide how we protect children online will only grow.",0,0,1,0,,
2070625335914221580,Digital Restrictions for Minors,2026-06-27 05:48,Lori Trahan,@RepLoriTrahan,https://x.com/RepLoriTrahan/status/2070625335914221580,"For the last six years, I have worked as a mom and a member of the @EnergyCommerce Committee to protect children online. With the bipartisan KIDS Act, we have a real chance to notch a win in that fight. I commend Ranking Member @FrankPallone for his diligence and persistence in",7,2,13,1,1,
2070552599426925035,Digital Restrictions for Minors,2026-06-27 00:59,Wade Miller,@WadeMiller,https://x.com/WadeMiller/status/2070552599426925035,"@FRAMER_FRAMER I’m paid in the sense that donors like that I want to protect children online  and decide to contribute to our public policy efforts.  Otherwise, no one can buy me and dictate to me what my position is.  I’d rather quit than sell out my principles.  I’m a conservative.  I think",0,0,5,0,,
2070551984499835344,Digital Restrictions for Minors,2026-06-27 00:57,OIC-IPHRC,@OIC_IPHRC,https://x.com/OIC_IPHRC/status/2070551984499835344,"#IPHRC, represented by H.E. Ambassador Dr. Mahy Hassan Abdul Latif, Vice-Chairperson of the OIC-IPHRC, participated in the 62nd Session of the UN Human Rights Council in Geneva.

On this occasion, the Commission addressed key human rights issues and co-organized a side event on",0,0,0,0,,
2070432570764874193,Digital Restrictions for Minors,2026-06-26 16:54,🇷🇺 + 🇩🇪 + 🇺🇦,@ruplusgerplusua,https://x.com/ruplusgerplusua/status/2070432570764874193,"A reminder: Trump's National Policy Framework for AI wants to protect children online by establishing commercially reasonable, privacy protective AGE-ASSURANCE.

AGE-ASSURANCE means 🆔 verification for internet content. FOR EVERYONE!

Also the funny part here is wording ""privacy",4,2,0,1,2,
2070384310738120772,Digital Restrictions for Minors,2026-06-26 13:51,Inspirepreneur,@Inspirepreneur_,https://x.com/Inspirepreneur_/status/2070384310738120772,"PM @AlboMP says #Australia's world-first #socialmedia laws will be strengthened following concerns raised by the online safety regulator, signalling tougher measures to protect children online.

Read: https://t.co/bA4CFeiL6J 

#Inspirepreneur",0,0,0,1,1,
2070278282407281132,Digital Restrictions for Minors,2026-06-26 06:49,The Korea Daily,@koreadaily_us,https://x.com/koreadaily_us/status/2070278282407281132,LAUSD Screen Time Policy Divides Parents Over Device Limits,0,0,0,1,3,
2070120459614486562,Digital Restrictions for Minors,2026-06-25 20:22,Lars 🇪🇺🇳🇱,@vanderberg88,https://x.com/vanderberg88/status/2070120459614486562,"Essay: In a world drowning in outrage, addiction, and algorithmic sludge, how do we actually protect children online without sliding into censorship or naive libertarianism?

 “The Clean Room Next to the Sewer,” 

offers practical takes on the subject. Instead of the usual",0,0,0,1,3,
2070090847912440083,Digital Restrictions for Minors,2026-06-25 18:24,Tips Excel,@gudanglifehack,https://x.com/gudanglifehack/status/2070090847912440083,"The official said it was normal for the White House to back such a measure, which builds on the Take It Down Act S. 146 (119) and other efforts to combat child sexual abuse material and protect children online.",0,0,1,1,1,
2070046082604614059,Digital Restrictions for Minors,2026-06-25 15:27,Safer Internet Day,@safeinternetday,https://x.com/safeinternetday/status/2070046082604614059,"How are European countries organising their policies to protect children online?

Drawing on the 2026 BIK Policy Monitor report, a new insight article on the BIK platform explores exactly that.

Key takeaways:
• All 29 participating countries now address children's digital lives",2,1,0,1,3,
2070024417007259751,Digital Restrictions for Minors,2026-06-25 14:00,BusinessMirror,@BusinessMirror,https://x.com/BusinessMirror/status/2070024417007259751,"CICC TEMPORARILY BLOCKS “GOREBOX” APP

The CICC has temporarily banned the gaming app GoreBox following the Tacloban City school shooting that left 3 students dead and 20 others injured, citing possible online influence while investigations continue.

The agency said the move is",1,0,0,0,,
2070021562602762373,Digital Restrictions for Minors,2026-06-25 13:49,M Compass Media,@MCompassMedia,https://x.com/MCompassMedia/status/2070021562602762373,"𝐆𝐨𝐯𝐞𝐫𝐧𝐦𝐞𝐧𝐭’𝐬 𝐃𝐢𝐠𝐢𝐭𝐚𝐥 𝐈𝐃 𝐒𝐭𝐫𝐚𝐭𝐞𝐠𝐲 𝐂𝐫𝐢𝐭𝐢𝐜𝐢𝐬𝐞𝐝 𝐚𝐬 ‘𝐆𝐢𝐟𝐭 𝐭𝐨 𝐒𝐜𝐚𝐦𝐦𝐞𝐫𝐬’ 𝐚𝐬 𝐀𝐮𝐬𝐭𝐫𝐚𝐥𝐢𝐚𝐧 𝐒𝐭𝐮𝐝𝐲 𝐐𝐮𝐞𝐬𝐭𝐢𝐨𝐧𝐬 𝐄𝐟𝐟𝐞𝐜𝐭𝐢𝐯𝐞𝐧𝐞𝐬𝐬

A growing international movement to protect children online is gathering",9,6,0,1,3,
2069963187064299949,Digital Restrictions for Minors,2026-06-25 09:57,Sagar KV 💙 .,@SagarVanaparthi,https://x.com/SagarVanaparthi/status/2069963187064299949,"Technology with a Purpose!

Under the leadership of TG-CSB Director Shikha Goel, Telangana Police have launched India's first sovereign AI platform, C-SIGHT, to track child abuse offenders &amp; protect children online.

The innovative system has already helped register 866 FIRs,",3,1,0,1,1,
2069896054015664585,Digital Restrictions for Minors,2026-06-25 05:30,Karla Treadway | Host Sovereign Sphere Podcast,@thesovereignceo,https://x.com/thesovereignceo/status/2069896054015664585,"Canada just passed a bill to ""protect children online.""

But there's a loophole so glaring it makes you question everything.
The minister stood at a podium and declared platforms would be held responsible for protecting kids from grooming, sexual exploitation &amp; predatory contact.",675,284,22,1,2,
2069887126750032159,Digital Restrictions for Minors,2026-06-25 04:55,Children’s Health Defense Canada 🇨🇦,@CanadaCHD,https://x.com/CanadaCHD/status/2069887126750032159,"🚨 #Canada’s “Child Safety” #BillC34 is promoted as a way to protect children online.  
But it may have far-reaching implications for privacy, parental authority, free expression &amp; government oversight.

Karla Treadway @thesovereignceo explains: 

🔗 https://t.co/kbuHVWOygk",0,0,0,1,2,
2069814168845209643,Digital Restrictions for Minors,2026-06-25 00:05,ASASIRA RITAH,@AsasiraRitah24,https://x.com/AsasiraRitah24/status/2069814168845209643,"Protect children online! AI tools enable stalking via social media patterns, while multiple avatars can hide harmful behaviors. Parents, stay alert: set accounts to private, manage locations, and discuss digital responsibility today!
#GoldenPosts @GCICUganda @UCC_ED",4,2,1,1,1,
2069783852512694590,Digital Restrictions for Minors,2026-06-24 22:04,Oleada LAUSD Parents,@OleadaParents,https://x.com/OleadaParents/status/2069783852512694590,"No confusion on this point: Screen use is still required for students at LAUSD.

And these screen time “limits” are “guidelines”. The devil is in the details. TBD. 

Source: LAUSD “Guidelines for Screen Time Policy”, approved by board June 23, 2026.",1,0,0,1,3,
2069676974159634480,Digital Restrictions for Minors,2026-06-24 15:00,EPP Group,@EPPGroup,https://x.com/EPPGroup/status/2069676974159634480,"‼️ Close the legal gap.
‼️ Protect children, not predators.

Since 3 April, there has been a major legal gap in protecting children from online sexual abuse. 

This is what we are missing:
◼️38 reports every minute
◼️54,795 reports every day
◼️20 million reports every year

We",7,2,3,1,2,
2069578775767998567,Digital Restrictions for Minors,2026-06-24 08:30,EdSource,@EdSource,https://x.com/EdSource/status/2069578775767998567,"Los Angeles Unified approves screen time policy for next school year 

LEARN MORE: https://t.co/e8UIQOHUpk",2,0,0,1,3,
2069554223717691504,Digital Restrictions for Minors,2026-06-24 06:52,Merida (COMMISSION OPEN),@Meridaladida,https://x.com/Meridaladida/status/2069554223717691504,"That's why you see this attempt at surveillance under the guise of ""protect children online"" is being pushed vigorously, the ""chosen people"" need you to submit your ID so it can shut you up easier.",9,3,0,0,,
2069528637326721064,Digital Restrictions for Minors,2026-06-24 05:10,Senate Judiciary Republicans,@SenJudiciaryGOP,https://x.com/SenJudiciaryGOP/status/2069528637326721064,"On Social Media Harms Victim Remembrance Day, we remember the lives lost, stand with the families impacted and renew our commitment to creating a safer digital space. 📲

Chairman @ChuckGrassley’s bipartisan James T. Woods Act would protect children online and hold criminals",1,2,1,1,1,
2069524525423706579,Digital Restrictions for Minors,2026-06-24 04:54,Bacon 🏴󠁧󠁢󠁳󠁣󠁴󠁿,@BACON5757,https://x.com/BACON5757/status/2069524525423706579,"@TavosCheetah This is how I feel about my gov constantly pushing legislation to ""protect children online"" when it's really just a way of building a mass surveillance network",1,0,0,0,,
2069494864656338972,Digital Restrictions for Minors,2026-06-24 02:56,Ed Markey,@SenMarkey,https://x.com/SenMarkey/status/2069494864656338972,"On Social Media Victims Remembrance Day we reflect on the thousands of young people impacted, the lives lost, and the families who have faced what no one should have to. Their stories remind me every day why I keep fighting to protect children online, and why we must prevail.",28,4,12,1,1,
2069467003492933824,Digital Restrictions for Minors,2026-06-24 01:05,Senator Jon Husted,@SenJonHusted,https://x.com/SenJonHusted/status/2069467003492933824,"On Social Media Harms Victim Remembrance Day, we remember the lives lost and families impacted by online dangers. 

Their stories are why I’m working on Sammy’s Law, No Fentanyl on Social Media Act, and many other bills to protect children online and hold bad actors accountable.",16,1,23,1,1,
2069449367732277745,Digital Restrictions for Minors,2026-06-23 23:55,Senator John Curtis,@SenJohnCurtis,https://x.com/SenJohnCurtis/status/2069449367732277745,"Parents deserve confidence that AI tools are not exposing their children to harmful content, fostering emotional dependence, or exploiting their personal information. Our commonsense bill would better protect children online while preserving American leadership in innovation.",18,4,34,1,1,
2069424002452410418,Digital Restrictions for Minors,2026-06-23 22:15,Andras,@AndrasCzeizel,https://x.com/AndrasCzeizel/status/2069424002452410418,"I’m a 20-year-old European founder building on the internet. 🇪🇺

And I think, one of the biggest digital policy questions of the next few years will not only be about AI.

It will be about children, social media, age verification, encryption and privacy.

And we need to be very",22,4,4,1,3,
2069239039949988055,Digital Restrictions for Minors,2026-06-23 10:00,WLOX,@WLOX,https://x.com/WLOX/status/2069239039949988055,MS Attorney General reaches agreement with Roblox in ongoing effort to protect children online,0,0,0,1,1,
2069238489476931629,Digital Restrictions for Minors,2026-06-23 09:57,The Finance Streets,@finance_streets,https://x.com/finance_streets/status/2069238489476931629,"US House committee reaches bipartisan deal on social media rules for youth 🚨

U.S. House Energy and Commerce Committee leaders said ‌in a statement on Monday they had reached a bipartisan agreement on legislation requiring social media platforms to provide safeguards and tools",1,0,0,1,1,
2069132922133622991,Digital Restrictions for Minors,2026-06-23 02:58,Ali,@aliward96,https://x.com/aliward96/status/2069132922133622991,"@leebolton73 @TC7123 How can you say that? When you decrease NHS waiting lists, bring immigration down, (slightly) improve the economy, lift children out of poverty, reform housing, strengthen workers rights and protect children online…in just 2 years, how can you hate him so much?",3,0,2,0,,
2069116882137788425,Digital Restrictions for Minors,2026-06-23 01:54,Ola,@phatrules,https://x.com/phatrules/status/2069116882137788425,My son makes this joyful noise whenever I put on the TV 😂. This “no screen time” policy his mother has been shouting about don fail oo,0,0,0,0,,
2069087775291322550,Digital Restrictions for Minors,2026-06-22 23:59,Family Policy Alliance,@family_policy,https://x.com/family_policy/status/2069087775291322550,"Every one of us has a role to play in protecting children. 
Join us as we work to protect children online through our Let Parents Parent campaign.

#protectchildren #protectkids #LetParentsParent",5,1,1,1,1,
2069057136987156889,Digital Restrictions for Minors,2026-06-22 21:57,PISSEDOFF,@pissedoff0855,https://x.com/pissedoff0855/status/2069057136987156889,"There are few easier political arguments than saying we must protect children online. Every serious parent agrees with that. Every responsible adult knows social media can be addictive, manipulative, corrosive, and, at times, deeply harmful. The platforms have designed products",0,0,0,0,,
2069035167843328198,Digital Restrictions for Minors,2026-06-22 20:29,SIIA Public Policy,@SIIAPolicy,https://x.com/SIIAPolicy/status/2069035167843328198,"SIIA joined TechNet and Engine Advocacy in filing an amicus brief urging the U.S. Supreme Court to vacate the stay allowing enforcement of Texas SB 2420.

The brief highlights how the law would impose significant compliance burdens on app developers, digital publishers, and app",0,0,0,0,,
2069029597073600688,Digital Restrictions for Minors,2026-06-22 20:07,Jas Athwal MP,@Jas_Athwal,https://x.com/Jas_Athwal/status/2069029597073600688,"Keir Starmer took Labour from division and unelectability to a party trusted to govern again.

As Prime Minister, he leaves a legacy of real progress: children lifted out of poverty, NHS waiting lists falling, stronger workers’ rights, renewed international relationships, action",29,4,5,0,,
2069008561502384434,Digital Restrictions for Minors,2026-06-22 18:44,from_the_nineties,@franznecstasy,https://x.com/franznecstasy/status/2069008561502384434,@HJB_News__ He said he wanted to protect children ONLINE! There's a nuance here.,0,0,0,0,,
2068746501468332516,Digital Restrictions for Minors,2026-06-22 01:22,BS News,@BSNewsLive,https://x.com/BSNewsLive/status/2068746501468332516,"📱 UAE sets 15 as minimum age for social media access to protect children online.

#BSNews #UAE #SocialMedia #ChildSafety",1,0,0,1,1,
2068742307680276681,Digital Restrictions for Minors,2026-06-22 01:06,Bhushan Gaikwad,@BhushGaWEsome,https://x.com/BhushGaWEsome/status/2068742307680276681,"Whittaker says business models that rely on data collection, the rise of AI assistants, &amp; even well-meaning efforts to protect children online risk undermining private communication — &amp; explains why Signal would rather leave a market than weaken encryption",0,0,0,0,,
2068662126604947546,Digital Restrictions for Minors,2026-06-21 19:47,“Mouth of a lion”,@ItsTheLastHour,https://x.com/ItsTheLastHour/status/2068662126604947546,"That’s who’s telling you he’s going to protect children online👇🏼👁️🧠

Lindsey Graham was also named in the Sascha Riley testimonies. That alone should damn him. And don’t forget who supported his reelection again 👉🏼🍊 #Pedophiles #AllOfThem",2,1,0,0,,
2068599404190204089,Digital Restrictions for Minors,2026-06-21 15:38,Joel Savage,@JOELSAVAGE1,https://x.com/JOELSAVAGE1/status/2068599404190204089,"Global leaders unite to protect #children online, strengthen safety tools, and promote digital #education for a safer,  
#ChildOnlineSafety #SaferInternet #ProtectChildren #DigitalSafety  #CyberSafety #GlobalCooperation #InternetProtection #ChildWelfare 
https://t.co/YIs5I5Xv5V",0,0,0,1,1,
2068589811191971934,Digital Restrictions for Minors,2026-06-21 15:00,EPP Group,@EPPGroup,https://x.com/EPPGroup/status/2068589811191971934,"‼️ Close the legal gap.
‼️ Protect children, not predators.

Since 3 April, there has been a major legal gap in protecting children from online sexual abuse. 

This is what we are missing:
◼️38 reports every minute
◼️54,795 reports every day
◼️20 million reports every year

We",7,3,4,1,2,
2068538836561592466,Digital Restrictions for Minors,2026-06-21 11:37,Alley Hensler,@AlleyHen,https://x.com/AlleyHen/status/2068538836561592466,Reform technology laws to protect children online - Sign the Petition! https://t.co/zu37ihL18Q via @CdnChange,0,0,0,1,1,
2067944526832975932,Digital Restrictions for Minors,2026-06-19 20:16,Saulo🇰🇪,@teeh_bag,https://x.com/teeh_bag/status/2067944526832975932,"TECH UPDATE: Kenya Joins Global Push to Make the Internet Safer for Children

The internet has opened incredible opportunities for learning, creativity, communication, and access to information. But as more children spend time online, concerns about their safety are growing just",5,0,0,1,1,
2067941543743528981,Digital Restrictions for Minors,2026-06-19 20:04,Khaleej Times,@khaleejtimes,https://x.com/khaleejtimes/status/2067941543743528981,"Over 5,000 kids, 1,000 parents: Dubai launches initiative to protect children online",7,3,1,1,1,
2067913529215033643,Digital Restrictions for Minors,2026-06-19 18:12,Asaase 99.5,@asaaseradio995,https://x.com/asaaseradio995/status/2067913529215033643,"The United Arab Emirates has introduced a minimum age of 15 for social media use, becoming the first Arab country to implement such a restriction as governments worldwide tighten rules to protect children online.

FULL STORY: https://t.co/iHmn2fBvMj

#AsaaseNews | #AsaaseDigital",4,0,0,1,1,
2067880134724509847,Digital Restrictions for Minors,2026-06-19 16:00,OECD ➡️ Better Policies for Better Lives,@OECD,https://x.com/OECD/status/2067880134724509847,"How can countries work together to make the online world safer for children? 

Join the roundtable to learn how countries can strengthen co-operation to better protect children online. 
Register here: https://t.co/wlikMRdcSg

#BetterPoliciesForBetterLives",4,5,0,1,1,
2067746480769622354,Digital Restrictions for Minors,2026-06-19 07:09,Texas Public Policy Foundation,@TPPF,https://x.com/TPPF/status/2067746480769622354,"Texas has taken big steps towards giving more power to parents and positioning Texas as a national leader in the effort to protect children online.

Now, it's time for Congress to follow the Texas approach to online child safety.",5,1,10,0,,
2067746344312471990,Digital Restrictions for Minors,2026-06-19 07:08,patrick holleran,@pat11060,https://x.com/pat11060/status/2067746344312471990,"@PaulGregor26129 These companies are almost all foreign multinationals. 
They structure their UK subsidiaries so they show almost no profit, so the UK gets very little corporation tax. 
We carry the energy, water, and land burden they extract the value.

They only create about 30-40 permanent",4,2,0,0,,
2067743366360494520,Digital Restrictions for Minors,2026-06-19 06:56,🇪🇺🇩🇪 Vera,@verachte,https://x.com/verachte/status/2067743366360494520,"They are really serious about this so we need to seriously bring in a resistance. 

Don't want Passportweb “to protect children online”",2,0,2,0,,
2067687991523606748,Digital Restrictions for Minors,2026-06-19 03:16,Catch Up,@CatchUpFeed,https://x.com/CatchUpFeed/status/2067687991523606748,The European Union is planning to introduce a passport-linked internet access system to better protect children online and intends to actively combat the use of VPNs to bypass it.,15,5,4,0,,
2067657469858357399,Digital Restrictions for Minors,2026-06-19 01:15,David Dunmoyer,@DDDunmoyer,https://x.com/DDDunmoyer/status/2067657469858357399,"As the pay to play campaign ramps up targeting the App Store accountability act federally, Texas demonstrated the law is constitutional, privacy preserving &amp; just plain common sense.

My latest on how we can empower parents to protect children online:",6,2,12,0,,
2067609404153692496,Digital Restrictions for Minors,2026-06-18 22:04,Internet Watch Foundation (IWF),@IWFhotline,https://x.com/IWFhotline/status/2067609404153692496,"Over the last ten days, our incredible supporter Alexandra Nightingale  has trekked to the summit of Mount Kilimanjaro, Africa's highest peak, to raise funds for IWF and help protect children online.

She's raised an amazing £9,500 so far, and her JustGiving page is still open if",2,0,0,0,,
2067582979409633490,Digital Restrictions for Minors,2026-06-18 20:19,The Creator Index,@TheCreatorIndex,https://x.com/TheCreatorIndex/status/2067582979409633490,"The 🇦🇪UAE has set 15 as the minimum age for social media access, joining a growing global movement to protect children online.

🇦🇺Australia already restricts access for under-16s, while the UK has announced similar measures.

Could🇮🇳India be next?⬇️",2,0,1,1,1,
2067563808344695099,Digital Restrictions for Minors,2026-06-18 19:03,Harry Uglow,@harry_uglow,https://x.com/harry_uglow/status/2067563808344695099,"Hot on the heels of announcing a ban on social media for under 16s, the UK is expected to announce a ban on VPNs next month. This is meant to protect children online, but we've been here before...

I thought I'd break down the key policies of the last 10 years, what they claimed",3,0,1,0,,
2067513961260396990,Digital Restrictions for Minors,2026-06-18 15:45,karen bruce,@karenbruce9,https://x.com/karenbruce9/status/2067513961260396990,@elonmusk Now they want to restrict VPNs under the false premise of saying they want to protect children online. If you have to prove your id when using a VPN it destroys the whole purpose of using one. Privacy online will be completely dead and we will be under constant surveillance.,2,1,3,0,,
2067287596729012345,Digital Restrictions for Minors,2026-06-18 00:45,AwakenedOutlaw⚒️,@AwakenedOutlaw,https://x.com/AwakenedOutlaw/status/2067287596729012345,"Make it make sense.

The same people comprising the UK's leadership (Starmer, etc.) who are all of a sudden going overboard on the dire need to protect children online did NOTHING to protect hundreds of thousands of children from being brutalized by rape gangs going back THIRTY",162,54,8,0,,
2067283173529002217,Digital Restrictions for Minors,2026-06-18 00:28,F🍁CK CARNEY🇨🇦,@bashscriptorz,https://x.com/bashscriptorz/status/2067283173529002217,"Whistleblowers for Freedom Advocacy of Canada
PUBLIC WARNING — The Age Verification Trap

It started in the United Kingdom. The Online Safety Act told parents it would protect children online. Nobody asked why children needed to prove their identity to access the internet.

That",35,26,2,0,,
2067251452850950447,Digital Restrictions for Minors,2026-06-17 22:22,Alexander Russo,@alexanderrusso,https://x.com/alexanderrusso/status/2067251452850950447,"""More than 900 parents in Henrico County petitioned the school board to adopt a screen time policy, and roughly 1,390 Chesterfield County parents and 160 Richmond parents asked districts to pull devices for grades K-2.""

Henrico parents urge school board to adopt new tech rules",22,3,2,0,,
2067221381771665493,Digital Restrictions for Minors,2026-06-17 20:22,The AfriChild Centre,@AfriChildCentre,https://x.com/AfriChildCentre/status/2067221381771665493,"We call on @Parliament_Ug and @UCC_Official to strengthen laws and regulations that protect children online, including age-appropriate access to social media platforms and accountability for technology companies. #ProtectChildren",5,2,1,1,1,
2067187204536037558,Digital Restrictions for Minors,2026-06-17 18:06,MediaNama,@medianama,https://x.com/medianama/status/2067187204536037558,"The UK government aims to protect children online, but its proposed social media ban for those under 16 raises a broader question: whether child safety can be enforced without turning the internet into an identity checkpoint. However, privacy advocates and platforms caution that",0,0,0,0,,
2067183502852784511,Digital Restrictions for Minors,2026-06-17 17:52,HJB News,@HJB_News__,https://x.com/HJB_News__/status/2067183502852784511,"Keir Starmer wants to protect children online but let’s not forget his party voted against a national rape gang enquiry three times. Where up to 250,000 British girls were raped by predominantly Pakistani Muslim men.",4393,1146,115,0,,
2067165565722996872,Digital Restrictions for Minors,2026-06-17 16:40,Berk,@trapdoor456,https://x.com/trapdoor456/status/2067165565722996872,"If @Keir_Starmer really wanted to protect children online, he'd get his online snoopers, sorry, task force to identify, close accounts of and jail the paedophiles using online platforms to groom kids &amp; share CP.  Instead, its an excuse to limit freedoms of 68 million British",17,8,3,0,,
2067140247121514837,Digital Restrictions for Minors,2026-06-17 15:00,EPP Group,@EPPGroup,https://x.com/EPPGroup/status/2067140247121514837,"‼️ Close the legal gap.
‼️ Protect children, not predators.

Since 3 April, there has been a major legal gap in protecting children from online sexual abuse. 

This is what we are missing:
◼️38 reports every minute
◼️54,795 reports every day
◼️20 million reports every year

We",1,0,1,1,2,
2067129618998476851,Digital Restrictions for Minors,2026-06-17 14:18,Tony Gachoka,@TonyGachok15769,https://x.com/TonyGachok15769/status/2067129618998476851,"My friend Erickson Odhiambo has raised the need for a law to be enacted to protect children online. This parliament should do some good. 

TG @KANUParty_ke 
@SGEOdhiambo",8,1,1,0,,
2066975983958143344,Digital Restrictions for Minors,2026-06-17 04:07,Rebel News Canada,@RebelNews_CA,https://x.com/RebelNews_CA/status/2066975983958143344,"Ottawa's proposed Safe Social Media Act raises fears of fines, censorship and a tech exodus 📵

The federal government's plan to fine non-compliant social media companies more than 3% of global revenue could trigger legal challenges, strain relations with the United States and",72,31,6,0,,
2066956288089559525,Digital Restrictions for Minors,2026-06-17 02:49,Alan,@A1an_M,https://x.com/A1an_M/status/2066956288089559525,"@notkatbaker We're angry about the government pretending to care about children and using them as a pretext for introducing mandatory ID for adults to use social media.

There are other, better, ways to protect children online than a blanket ban by central government.",186,15,3,0,,
2066900982215188494,Digital Restrictions for Minors,2026-06-16 23:09,Lib Dem Peers,@LibDemPeers,https://x.com/LibDemPeers/status/2066900982215188494,"""You have plans to protect children online. How about protecting them in their own homes?""

Research shows physical punishment damages children's future. Joan Walmsley challenged the government to give them the same legal protection from assault adults enjoy. 

@joan_walmsley",27,13,4,0,,
2066882168303853925,Digital Restrictions for Minors,2026-06-16 21:54,JasonTLouis,@JasonTLouis,https://x.com/JasonTLouis/status/2066882168303853925,"@brianeharrison For those under 16, the UK has not banned Discord, Kik, Omegle, YouNow, and other predatory webcam streaming sites, and messaging apps like Signal and WhatsApp. The rules are not meant to protect children online. They never were.",2,1,0,0,,
2066869697698504723,Digital Restrictions for Minors,2026-06-16 21:05,TODAY,@TODAYshow,https://x.com/TODAYshow/status/2066869697698504723,"British Prime Minister Keir Starmer has announced a sweeping ban on social media use for those under 16, joining other countries around the world seeking to protect children online.",7,3,1,0,,
2066789961093849186,Digital Restrictions for Minors,2026-06-16 15:48,Erin,@erindorgs17,https://x.com/erindorgs17/status/2066789961093849186,"Ultimately I believe it is with very rare exceptions (alcohol, smoking) not right to ban an entire group of people -by whatever demographic definition- from doing something, we should be looking at how to protect children online - and outright ban won’t work and it won’t hold.",4,0,1,0,,
2066773323271524835,Digital Restrictions for Minors,2026-06-16 14:42,91mobiles,@91mobiles,https://x.com/91mobiles/status/2066773323271524835,"The UK plans to ban under-16s from major social media (TikTok, Instagram, X) from Spring 2027 to protect children online.

- Messaging apps like WhatsApp are excluded.
- Platforms must block under-16s from livestreaming &amp; stranger contact. AI chatbots also restricted for minors.",11,3,0,1,1,
2066756083587182923,Digital Restrictions for Minors,2026-06-16 13:33,Paul Moore - Security Consultant ,@Paul_Reviews,https://x.com/Paul_Reviews/status/2066756083587182923,"Loudly: ""I'll do anything to protect children online""
Quietly: ""I'll say/do anything to convince you #digitalID is a good thing...""
Silently: ""I want to visibility into your entire life; personal messages, pictures, financial information, political persuasion. Nothing is private""",13,7,1,0,,
2066745641271754970,Digital Restrictions for Minors,2026-06-16 12:52,Agathe de Lili,@AgathedeLili,https://x.com/AgathedeLili/status/2066745641271754970,"""We welcome the UK Government’s announcement of new measures to better protect children online.""",105,16,0,0,,
2066699027538743735,Digital Restrictions for Minors,2026-06-16 09:47,Red Dyke,@RedDyke69,https://x.com/RedDyke69/status/2066699027538743735,"@elonmusk @TRobinsonNewEra Coming from a billionaire in a country that has blocked fans from travelling, cancelled visas for law-abiding supporters, prevented some teams from training in the US and even barred referees without reason, that’s quite a lecture.

The same people who demand every country bend",11,0,2,0,,
2066681954632650942,Digital Restrictions for Minors,2026-06-16 08:39,GB News,@GBNEWS,https://x.com/GBNEWS/status/2066681954632650942,"‘The seventh woke commandment is you will honour the state as mother and father.’

Simon Hankinson of the Heritage Foundation believes that social media, when overused, is ‘destructive’, but that it’s the parents' responsibility, not the state’s, to protect children online.",178,49,9,0,,
2066670577994088519,Digital Restrictions for Minors,2026-06-16 07:53,GB News,@GBNEWS,https://x.com/GBNEWS/status/2066670577994088519,"‘Starmer should call out what these tech companies are doing, rather than politicians clamping down on our freedoms.’
 
@beverleyturner blasts Keir Starmer’s under-16s social media ban, believing it’s the responsibility of parents, not the government, to protect children online.",715,134,65,0,,
2066662973158928733,Digital Restrictions for Minors,2026-06-16 06:49,Carmella,@Sussex5525,https://x.com/Sussex5525/status/2066662973158928733,"Prince Harry and Meghan’s statement on the UK government’s new measures to protect children online.

“The stories shared through the Lost Screen Memorial remind us that behind every debate about technology and regulation are real families whose lives have been forever changed.”",148,30,1,0,,
2066652008434512175,Digital Restrictions for Minors,2026-06-16 06:40,Yahoo News,@YahooNews,https://x.com/YahooNews/status/2066652008434512175,"British Prime Minister Keir Starmer has announced a sweeping ban on social media use for those under 16, joining other countries around the world seeking to protect children online.

The ban will include social platforms like Snapchat, TikTok, YouTube, Instagram, Facebook and X,",0,0,2,1,1,
2066650594207584644,Digital Restrictions for Minors,2026-06-16 06:34,The English Gentlemen.,@theworldisover8,https://x.com/theworldisover8/status/2066650594207584644,"A online safety act to protect children online but when they catch pedos with exploitive images they let them
Of with a slap on the wrist. Make sense of that. Why not target the pedos with the sentences they deserve instead. We all know why…..

They don’t give a fuck about our",5,1,2,0,,
2066633886319202670,Digital Restrictions for Minors,2026-06-16 05:28,Dough,@thesimpledough,https://x.com/thesimpledough/status/2066633886319202670,"@PolitlcsUK Weird how people scream that we should “protect are kids” but when it comes to actually making sure children are safe online from pedophiles - they get oddly antsy and upset.

You can’t protect children online without a compromise.",19,2,43,0,,
2066627662676652524,Digital Restrictions for Minors,2026-06-16 05:03,Sussex Daily,@sussexdaily,https://x.com/sussexdaily/status/2066627662676652524,"""Astatement from Prince Harry and Meghan, Duke and Duchess of Sussex.""

""We welcome the UK Government’s announcement of new measures to better protect children online.""",56,14,0,0,,
2066612572099367400,Digital Restrictions for Minors,2026-06-16 04:03,MimiRoche,@Mimicinque,https://x.com/Mimicinque/status/2066612572099367400,"UK Takes A Step Toward Online Safety | The Office of the Duke and Duchess of Sussex, Prince Harry and Meghan. 

“We welcome the UK Government’s announcement of new measures to better protect children online.”",57,15,1,0,,
2066602845059846541,Digital Restrictions for Minors,2026-06-16 03:24,𝑺𝒖𝒔𝒔𝒆𝒙 𝑪𝒐𝒎𝒎𝒖𝒏𝒊𝒕𝒚 𝑬𝒗𝒆𝒏𝒕𝒔,@SussexEvent,https://x.com/SussexEvent/status/2066602845059846541,"UK Takes A Step Toward Online Safety | The Office of the Duke and Duchess of Sussex

“We welcome the UK Government’s announcement of new measures to better protect children online.”",192,61,3,0,,
2066602067826016582,Digital Restrictions for Minors,2026-06-16 03:21,Erika Guevara Rosas,@ErikaGuevaraR,https://x.com/ErikaGuevaraR/status/2066602067826016582,"The UK’s recent social media ban for under-16s, alongside similar measures in other countries, reflects the right diagnosis but the wrong prescription.

Blanket bans risk undermining children’s rights to expression and access to information, while driving intrusive",12,2,0,0,,
2066590700859466229,Digital Restrictions for Minors,2026-06-16 02:36,Greg,@greg_scott84,https://x.com/greg_scott84/status/2066590700859466229,"@ryangerritsen @Kirky861 This tells us all we need to know. Google a country name with ""protect children online"" and you'll see it's global.",6,5,0,0,,
2066589422405947480,Digital Restrictions for Minors,2026-06-16 02:31,ChrisBaronSmith,@ChrisBaronSmit1,https://x.com/ChrisBaronSmit1/status/2066589422405947480,"🆕 Sussex Update | UK TAKES A STEP TOWARD ONLINE SAFETY

A statement from Prince Harry and Meghan, Duke and Duchess of Sussex.

“We welcome the UK Government’s announcement of new measures to better protect children online”

🔗https://t.co/H6yVY0Gv2v,",562,174,0,0,,
2066588201607909799,Digital Restrictions for Minors,2026-06-16 02:26,❄❄ Warthog Elsa❄❄🌊🇺🇦🇹🇼☂️😷🗽🌏,@socookre,https://x.com/socookre/status/2066588201607909799,@NadiaWhittomeMP Please feel free to look at this article which lays out why such blanket bans will bring more harms than goods and the alternative options to protect children online and tackle Big Tech enshittification. Thank you.,8,1,0,1,2,
2066586655851520469,Digital Restrictions for Minors,2026-06-16 02:20,NBC News,@NBCNews,https://x.com/NBCNews/status/2066586655851520469,"British Prime Minister Keir Starmer announces a sweeping ban on social media use for those under 16, joining other countries around the world seeking to protect children online.",54,15,121,1,3,
2066573996188168412,Digital Restrictions for Minors,2026-06-16 01:30,Harry Cole,@MrHarryCole,https://x.com/MrHarryCole/status/2066573996188168412,"Not royals latest 

PA: “The Duke and Duchess of Sussex have welcomed the Government’s social media ban for under-16s but warned “while measures such as these help reduce harm, they do not fix the problem at its source”.
“We welcome the UK Government’s announcement of new",38,2,44,1,1,
2066567179969909096,Digital Restrictions for Minors,2026-06-16 01:03,Eric The King,@KingCantonaUtd,https://x.com/KingCantonaUtd/status/2066567179969909096,"@GuidoFawkes It means Digital ID.

Govt monitoring your every move &amp; your voice being muted.

Nothing to do with online safety.  

The tools to protect children online, what they see, what content and apps they can use have existed for at least a decade.",4,0,0,1,2,
2066564514166755377,Digital Restrictions for Minors,2026-06-16 00:52,NewsForce,@Newsforce,https://x.com/Newsforce/status/2066564514166755377,"🇬🇧 The UK Government has clarified that adults will still be able to use social media platforms after verifying their identity.

Approved methods include digital IDs, facial recognition, passports, and credit cards. 

The move is part of efforts to protect children online while",5,4,6,1,3,
2066561623871918374,Digital Restrictions for Minors,2026-06-16 00:41,CE3K,@CE3KRH,https://x.com/CE3KRH/status/2066561623871918374,"@elonmusk No it’s not @elonmusk ! It’s a very good way to protect children online from things such as sexual grooming, bullying and suicide prevention. The social media platforms don’t do anywhere near enough to crack down on these things. If you don’t agree with the approach, then how",98,6,65,1,1,
2066553201386721360,Digital Restrictions for Minors,2026-06-16 00:07,akankshark,@mishradidi,https://x.com/mishradidi/status/2066553201386721360,"@elonmusk you can't spend years cutting moderation teams and rolling back safety oversight, then act shocked when governments decide they need to step in and protect children online",5,0,1,1,1,
2066550380452786334,Digital Restrictions for Minors,2026-06-15 23:56,Gordon Fielden,@GordonFielden,https://x.com/GordonFielden/status/2066550380452786334,"I have rarely read so much rubbish from The Spectator.

The conservative rag that it has become, coupled with the increasingly poor standard of its editorial judgement, means that articles such as this are difficult to take seriously. I suspect many Conservatives themselves will",73,22,2,0,,
