model,Tweet ID,Tweet Content,gold_relevant,pred_relevant,gold_sentiment,pred_sentiment,gold_name,pred_name,confidence,latency_sec,reason,correct,error
qwen2.5:7b,2071089516044259603,"I will always side with the children. Always. No exceptions. No asterisks.
Let me be direct about something that too many politicians are afraid to say out loud.
Willfully exposing children to adult nudity is not a celebration. It is not inclusion. It is not pride. It is a",0,0,0,0,irrelevant,irrelevant,0.9500,12.0021,Lacks mention of minors and does not involve digital context.,1,
qwen2.5:7b,2071089161734656466,"@JupitersArcherD @ChantaleBerger3 I will always side with the children. Always. No exceptions. No asterisks.
Let me be direct about something that too many politicians are afraid to say out loud.
Willfully exposing children to adult nudity is not a celebration. It is not inclusion. It is not pride. It is a",0,0,0,0,irrelevant,irrelevant,0.0000,2.0015,Lacks mention of minors and digital context.,1,
qwen2.5:7b,2071079497940566377,"The KIDS Act claims to protect children online, but only weakens accountability for Big Tech by removing key protections around harms like eating disorders, suicide, and addiction. Sign the petition at the link below to stand with us.",1,1,2,3,negative,neutral,0.9500,2.9733,Mentions minors (children) and involves digital context (online protection). The tweet is neutral as it provides information without expressing a clear positive or negative sentiment towards the regulations.,0,
qwen2.5:7b,2071069334512771412,"@Parents_Rise I understand where you're coming from, and I'm truly sorry for the parents who have lost their children. No parent should ever have to experience that kind of pain. I think we all share the same goal of wanting to protect children online and reduce the risks they face from",1,1,3,3,neutral,neutral,0.9500,2.9975,Mentions minors (children) and involves digital context (protecting children online). The tweet is neutral as it does not express a clear stance on restrictions or regulations.,1,
qwen2.5:7b,2070961408343445988,"Passing legislation to protect kids online has been a main priority of mine as a mom, pediatrician, and member of Congress.

I am excited to pass the KIDS Act in the House, a much-needed bill that will help protect children online and hold Big Tech accountable. 

I'm proud to",1,1,1,1,positive,positive,0.9000,3.0574,"Mentions minors (kids) and involves digital context (protecting children online, Big Tech). The tweet expresses support for legislation to protect children, which is positive towards digital restrictions.",1,
qwen2.5:7b,2070905113754095729,"@EkGaetan @redumbrellaclub which specific point is wrong. Everyone agrees we should protect children online. The disagreement is about whether mandatory age verification actually solves the problem.

1. What actually prevents a child from using someone else's already verified account? If a parent, older",1,1,3,3,neutral,neutral,0.9500,2.8397,Mentions minors and involves digital context (online protection). The tweet is neutral as it discusses the effectiveness of age verification without taking a clear stance.,1,
qwen2.5:7b,2070890504695451744,"@AmericaPapaBear Governments use children to creat new laws &amp; restrictions on law abiding citizens. For example; age verification on monitoring systems! They say it's to protect children online. In reality it's a violation of the 1st, 4th,  5th &amp; 14th amendment rights! Rights you won't get back!",1,0,2,0,negative,irrelevant,0.0000,2.0242,Lacks mention of minors and digital context.,0,
qwen2.5:7b,2070751544170152424,"Sri Lanka hasn't introduced similar restrictions.

But the question is no longer hypothetical.

As more countries act, the pressure to decide how we protect children online will only grow.",0,1,0,3,irrelevant,neutral,0.9500,2.9570,Mentions minors and involves digital context (online protection). The tweet is neutral as it does not express a clear positive or negative sentiment towards restrictions.,0,
qwen2.5:7b,2070625335914221580,"For the last six years, I have worked as a mom and a member of the @EnergyCommerce Committee to protect children online. With the bipartisan KIDS Act, we have a real chance to notch a win in that fight. I commend Ranking Member @FrankPallone for his diligence and persistence in",1,1,1,3,positive,neutral,0.9500,3.7107,"The tweet mentions minors (children) and involves digital context through the mention of online protection efforts, which aligns with the topic. The sentiment is neutral as it reports on a legislative effort without expressing a clear positive or negative stance.",0,
qwen2.5:7b,2070552599426925035,"@FRAMER_FRAMER I’m paid in the sense that donors like that I want to protect children online  and decide to contribute to our public policy efforts.  Otherwise, no one can buy me and dictate to me what my position is.  I’d rather quit than sell out my principles.  I’m a conservative.  I think",0,0,0,0,irrelevant,irrelevant,0.0000,2.0081,Lacks mention of minors and digital context.,1,
qwen2.5:7b,2070551984499835344,"#IPHRC, represented by H.E. Ambassador Dr. Mahy Hassan Abdul Latif, Vice-Chairperson of the OIC-IPHRC, participated in the 62nd Session of the UN Human Rights Council in Geneva.

On this occasion, the Commission addressed key human rights issues and co-organized a side event on",0,0,0,0,irrelevant,irrelevant,0.0000,2.1687,The tweet does not mention minors or any digital context.,1,
qwen2.5:7b,2070432570764874193,"A reminder: Trump's National Policy Framework for AI wants to protect children online by establishing commercially reasonable, privacy protective AGE-ASSURANCE.

AGE-ASSURANCE means 🆔 verification for internet content. FOR EVERYONE!

Also the funny part here is wording ""privacy",1,1,2,1,negative,positive,0.9000,2.7536,"Mentions minors (children) and involves digital context (internet, age assurance). The tweet supports regulations for online protection of children.",0,
qwen2.5:7b,2070384310738120772,"PM @AlboMP says #Australia's world-first #socialmedia laws will be strengthened following concerns raised by the online safety regulator, signalling tougher measures to protect children online.

Read: https://t.co/bA4CFeiL6J 

#Inspirepreneur",1,1,1,3,positive,neutral,0.9500,3.2551,Mentions minors (children) and involves digital context (#socialmedia laws). The tweet is neutral as it reports on the strengthening of laws without expressing a clear positive or negative sentiment.,0,
qwen2.5:7b,2070278282407281132,LAUSD Screen Time Policy Divides Parents Over Device Limits,1,1,3,3,neutral,neutral,0.9500,3.0279,Mentions minors (parents) and involves a digital context (screen time policy). The tweet is neutral as it reports on a topic rather than expressing an opinion.,1,
qwen2.5:7b,2070120459614486562,"Essay: In a world drowning in outrage, addiction, and algorithmic sludge, how do we actually protect children online without sliding into censorship or naive libertarianism?

 “The Clean Room Next to the Sewer,” 

offers practical takes on the subject. Instead of the usual",1,1,3,3,neutral,neutral,0.9500,2.7434,Mentions children and involves digital context (online protection). The tweet is neutral as it does not express a clear stance on bans or freedom.,1,
qwen2.5:7b,2070090847912440083,"The official said it was normal for the White House to back such a measure, which builds on the Take It Down Act S. 146 (119) and other efforts to combat child sexual abuse material and protect children online.",1,1,1,3,positive,neutral,0.8500,2.1167,Mentions minors and involves digital context related to online safety.,0,
qwen2.5:7b,2070046082604614059,"How are European countries organising their policies to protect children online?

Drawing on the 2026 BIK Policy Monitor report, a new insight article on the BIK platform explores exactly that.

Key takeaways:
• All 29 participating countries now address children's digital lives",1,1,3,3,neutral,neutral,0.8000,2.8342,The tweet mentions minors (children) and involves a digital context (digital lives). It is neutral as it does not express a clear opinion on restrictions or regulations.,1,
qwen2.5:7b,2070024417007259751,"CICC TEMPORARILY BLOCKS “GOREBOX” APP

The CICC has temporarily banned the gaming app GoreBox following the Tacloban City school shooting that left 3 students dead and 20 others injured, citing possible online influence while investigations continue.

The agency said the move is",0,0,0,0,irrelevant,irrelevant,0.9500,2.0437,Lacks mention of minors or a digital context.,1,
qwen2.5:7b,2070021562602762373,"𝐆𝐨𝐯𝐞𝐫𝐧𝐦𝐞𝐧𝐭’𝐬 𝐃𝐢𝐠𝐢𝐭𝐚𝐥 𝐈𝐃 𝐒𝐭𝐫𝐚𝐭𝐞𝐠𝐲 𝐂𝐫𝐢𝐭𝐢𝐜𝐢𝐬𝐞𝐝 𝐚𝐬 ‘𝐆𝐢𝐟𝐭 𝐭𝐨 𝐒𝐜𝐚𝐦𝐦𝐞𝐫𝐬’ 𝐚𝐬 𝐀𝐮𝐬𝐭𝐫𝐚𝐥𝐢𝐚𝐧 𝐒𝐭𝐮𝐝𝐲 𝐐𝐮𝐞𝐬𝐭𝐢𝐨𝐧𝐬 𝐄𝐟𝐟𝐞𝐜𝐭𝐢𝐯𝐞𝐧𝐞𝐬𝐬

A growing international movement to protect children online is gathering",1,0,3,0,neutral,irrelevant,0.9500,2.2384,Lacks mention of minors and does not involve a digital context.,0,
qwen2.5:7b,2069963187064299949,"Technology with a Purpose!

Under the leadership of TG-CSB Director Shikha Goel, Telangana Police have launched India's first sovereign AI platform, C-SIGHT, to track child abuse offenders &amp; protect children online.

The innovative system has already helped register 866 FIRs,",1,1,1,3,positive,neutral,0.9500,2.9098,Mentions minors (children) and involves a digital context (protecting children online). The tweet is neutral as it reports on an initiative without expressing a clear opinion.,0,
qwen2.5:7b,2069896054015664585,"Canada just passed a bill to ""protect children online.""

But there's a loophole so glaring it makes you question everything.
The minister stood at a podium and declared platforms would be held responsible for protecting kids from grooming, sexual exploitation &amp; predatory contact.",1,1,2,1,negative,positive,0.9500,2.9255,"Mentions minors (children) and involves digital context (online protection). The tweet supports the bill, indicating a positive/supportive sentiment towards digital restrictions for minors.",0,
qwen2.5:7b,2069887126750032159,"🚨 #Canada’s “Child Safety” #BillC34 is promoted as a way to protect children online.  
But it may have far-reaching implications for privacy, parental authority, free expression &amp; government oversight.

Karla Treadway @thesovereignceo explains: 

🔗 https://t.co/kbuHVWOygk",1,1,2,3,negative,neutral,0.9000,2.3338,Mentions minors and involves digital context (online safety) without a clear positive or negative stance.,0,
qwen2.5:7b,2069814168845209643,"Protect children online! AI tools enable stalking via social media patterns, while multiple avatars can hide harmful behaviors. Parents, stay alert: set accounts to private, manage locations, and discuss digital responsibility today!
#GoldenPosts @GCICUganda @UCC_ED",1,1,1,1,positive,positive,0.9000,2.9303,"The tweet mentions minors (children) and involves a digital context (social media, accounts to private). The sentiment is positive as it supports setting up protections for children online.",1,
qwen2.5:7b,2069783852512694590,"No confusion on this point: Screen use is still required for students at LAUSD.

And these screen time “limits” are “guidelines”. The devil is in the details. TBD. 

Source: LAUSD “Guidelines for Screen Time Policy”, approved by board June 23, 2026.",1,1,3,3,neutral,neutral,0.9000,2.2186,Mentions screen time and digital context while referring to a policy guideline for minors.,1,
qwen2.5:7b,2069676974159634480,"‼️ Close the legal gap.
‼️ Protect children, not predators.

Since 3 April, there has been a major legal gap in protecting children from online sexual abuse. 

This is what we are missing:
◼️38 reports every minute
◼️54,795 reports every day
◼️20 million reports every year

We",1,1,2,1,negative,positive,0.9000,2.9006,"The tweet mentions children and involves a digital context related to online safety, which are both required for relevance. The sentiment is positive as it supports the protection of children.",0,
qwen2.5:7b,2069578775767998567,"Los Angeles Unified approves screen time policy for next school year 

LEARN MORE: https://t.co/e8UIQOHUpk",1,1,3,3,neutral,neutral,0.9500,2.8379,Mentions minors (students) and involves a digital context (screen time policy). The tweet is neutral as it reports on a policy without expressing an opinion.,1,
qwen2.5:7b,2069554223717691504,"That's why you see this attempt at surveillance under the guise of ""protect children online"" is being pushed vigorously, the ""chosen people"" need you to submit your ID so it can shut you up easier.",0,0,0,0,irrelevant,irrelevant,0.9500,2.1322,Lacks mention of minors and does not involve a digital context.,1,
qwen2.5:7b,2069528637326721064,"On Social Media Harms Victim Remembrance Day, we remember the lives lost, stand with the families impacted and renew our commitment to creating a safer digital space. 📲

Chairman @ChuckGrassley’s bipartisan James T. Woods Act would protect children online and hold criminals",1,1,1,1,positive,positive,0.9000,2.5676,Mentions minors (children) and involves digital context (online protection). The tweet supports creating a safer digital space for children.,1,
qwen2.5:7b,2069524525423706579,"@TavosCheetah This is how I feel about my gov constantly pushing legislation to ""protect children online"" when it's really just a way of building a mass surveillance network",0,1,0,2,irrelevant,negative,0.9000,2.3179,"Mentions minors and involves digital context (online protection), but the sentiment is negative towards regulations.",0,
qwen2.5:7b,2069494864656338972,"On Social Media Victims Remembrance Day we reflect on the thousands of young people impacted, the lives lost, and the families who have faced what no one should have to. Their stories remind me every day why I keep fighting to protect children online, and why we must prevail.",1,1,1,1,positive,positive,0.9500,2.8684,Mentions minors (young people) and involves digital context (protecting children online). The tweet expresses a positive attitude towards digital restrictions for the protection of minors.,1,
qwen2.5:7b,2069467003492933824,"On Social Media Harms Victim Remembrance Day, we remember the lives lost and families impacted by online dangers. 

Their stories are why I’m working on Sammy’s Law, No Fentanyl on Social Media Act, and many other bills to protect children online and hold bad actors accountable.",1,1,1,1,positive,positive,0.9500,2.6109,Mentions minors (children) and involves digital context (Social Media). The tweet supports digital restrictions for the protection of children.,1,
qwen2.5:7b,2069449367732277745,"Parents deserve confidence that AI tools are not exposing their children to harmful content, fostering emotional dependence, or exploiting their personal information. Our commonsense bill would better protect children online while preserving American leadership in innovation.",1,1,1,1,positive,positive,0.9000,2.6806,"Mentions minors (children) and involves digital context (AI tools, personal information, online protection). The tweet supports regulations for child protection.",1,
qwen2.5:7b,2069424002452410418,"I’m a 20-year-old European founder building on the internet. 🇪🇺

And I think, one of the biggest digital policy questions of the next few years will not only be about AI.

It will be about children, social media, age verification, encryption and privacy.

And we need to be very",1,1,3,3,neutral,neutral,0.9000,2.9517,"Mentions minors (children) and involves digital context (social media, age verification). The tweet is neutral as it does not express a clear positive or negative sentiment towards restrictions.",1,
qwen2.5:7b,2069239039949988055,MS Attorney General reaches agreement with Roblox in ongoing effort to protect children online,1,1,1,3,positive,neutral,0.9500,2.8585,Mentions minors (children) and involves a digital context (online protection). The tweet is neutral as it reports on an agreement without expressing a clear opinion.,0,
qwen2.5:7b,2069238489476931629,"US House committee reaches bipartisan deal on social media rules for youth 🚨

U.S. House Energy and Commerce Committee leaders said ‌in a statement on Monday they had reached a bipartisan agreement on legislation requiring social media platforms to provide safeguards and tools",1,1,1,3,positive,neutral,0.9500,2.9228,Mentions minors (youth) and involves digital context (social media rules). The tweet is neutral as it reports on a legislative agreement without expressing a clear opinion.,0,
qwen2.5:7b,2069132922133622991,"@leebolton73 @TC7123 How can you say that? When you decrease NHS waiting lists, bring immigration down, (slightly) improve the economy, lift children out of poverty, reform housing, strengthen workers rights and protect children online…in just 2 years, how can you hate him so much?",0,1,0,3,irrelevant,neutral,0.9500,2.1767,Mentions protecting children online which is relevant to digital restrictions for minors.,0,
qwen2.5:7b,2069116882137788425,My son makes this joyful noise whenever I put on the TV 😂. This “no screen time” policy his mother has been shouting about don fail oo,0,0,0,0,irrelevant,irrelevant,0.9500,2.1249,Lacks mention of minors and does not involve a digital context.,1,
qwen2.5:7b,2069087775291322550,"Every one of us has a role to play in protecting children. 
Join us as we work to protect children online through our Let Parents Parent campaign.

#protectchildren #protectkids #LetParentsParent",1,1,1,3,positive,neutral,0.9500,3.5057,"The tweet mentions minors (children) and involves a digital context through the 'Let Parents Parent' campaign, which likely focuses on online safety. The sentiment is neutral as it does not explicitly support or oppose restrictions but rather calls for action.",0,
qwen2.5:7b,2069057136987156889,"There are few easier political arguments than saying we must protect children online. Every serious parent agrees with that. Every responsible adult knows social media can be addictive, manipulative, corrosive, and, at times, deeply harmful. The platforms have designed products",0,1,0,1,irrelevant,positive,0.9500,2.9949,"The tweet mentions minors (children) and involves a digital context (social media). It supports the idea of protecting children online, which aligns with positive sentiment towards digital restrictions.",0,
qwen2.5:7b,2069035167843328198,"SIIA joined TechNet and Engine Advocacy in filing an amicus brief urging the U.S. Supreme Court to vacate the stay allowing enforcement of Texas SB 2420.

The brief highlights how the law would impose significant compliance burdens on app developers, digital publishers, and app",0,0,0,0,irrelevant,irrelevant,0.9500,2.0429,Lacks mention of minors or a digital context.,1,
qwen2.5:7b,2069029597073600688,"Keir Starmer took Labour from division and unelectability to a party trusted to govern again.

As Prime Minister, he leaves a legacy of real progress: children lifted out of poverty, NHS waiting lists falling, stronger workers’ rights, renewed international relationships, action",0,0,0,0,irrelevant,irrelevant,0.0000,2.0232,The tweet does not mention minors or any digital context.,1,
qwen2.5:7b,2069008561502384434,@HJB_News__ He said he wanted to protect children ONLINE! There's a nuance here.,0,1,0,1,irrelevant,positive,0.9000,2.8464,"Mentions minors (children) and involves digital context (online protection). The tweet supports the idea of protecting children online, which is positive towards digital restrictions.",0,
qwen2.5:7b,2068746501468332516,"📱 UAE sets 15 as minimum age for social media access to protect children online.

#BSNews #UAE #SocialMedia #ChildSafety",1,1,1,1,positive,positive,0.9000,2.4804,Mentions minors (children) and involves digital context (social media access). The tweet supports restrictions for child protection.,1,
qwen2.5:7b,2068742307680276681,"Whittaker says business models that rely on data collection, the rise of AI assistants, &amp; even well-meaning efforts to protect children online risk undermining private communication — &amp; explains why Signal would rather leave a market than weaken encryption",0,0,0,0,irrelevant,irrelevant,0.9500,2.1695,The tweet does not mention minors or any digital context related to them.,1,
qwen2.5:7b,2068662126604947546,"That’s who’s telling you he’s going to protect children online👇🏼👁️🧠

Lindsey Graham was also named in the Sascha Riley testimonies. That alone should damn him. And don’t forget who supported his reelection again 👉🏼🍊 #Pedophiles #AllOfThem",0,0,0,0,irrelevant,irrelevant,0.9500,2.0707,The tweet does not mention minors or a digital context.,1,
qwen2.5:7b,2068599404190204089,"Global leaders unite to protect #children online, strengthen safety tools, and promote digital #education for a safer,  
#ChildOnlineSafety #SaferInternet #ProtectChildren #DigitalSafety  #CyberSafety #GlobalCooperation #InternetProtection #ChildWelfare 
https://t.co/YIs5I5Xv5V",1,1,1,3,positive,neutral,0.9000,2.2769,"Mentions children and involves digital context through online safety tools, education, and protection.",0,
qwen2.5:7b,2068589811191971934,"‼️ Close the legal gap.
‼️ Protect children, not predators.

Since 3 April, there has been a major legal gap in protecting children from online sexual abuse. 

This is what we are missing:
◼️38 reports every minute
◼️54,795 reports every day
◼️20 million reports every year

We",1,1,2,1,negative,positive,0.9000,2.8810,"The tweet mentions children and involves a digital context related to online safety, which are both required for relevance. The sentiment is positive as it supports the protection of children.",0,
qwen2.5:7b,2068538836561592466,Reform technology laws to protect children online - Sign the Petition! https://t.co/zu37ihL18Q via @CdnChange,1,1,1,1,positive,positive,0.9500,2.4343,"Mentions children and involves digital context through technology laws, which are a form of regulation for online safety.",1,
qwen2.5:7b,2067944526832975932,"TECH UPDATE: Kenya Joins Global Push to Make the Internet Safer for Children

The internet has opened incredible opportunities for learning, creativity, communication, and access to information. But as more children spend time online, concerns about their safety are growing just",1,1,1,3,positive,neutral,0.9500,2.8732,Mentions minors (children) and involves a digital context (internet). The tweet is neutral as it provides information without expressing a clear opinion on restrictions or regulations.,0,
qwen2.5:7b,2067941543743528981,"Over 5,000 kids, 1,000 parents: Dubai launches initiative to protect children online",1,1,1,3,positive,neutral,0.9000,2.0785,Mentions minors and involves digital context through online protection.,0,
qwen2.5:7b,2067913529215033643,"The United Arab Emirates has introduced a minimum age of 15 for social media use, becoming the first Arab country to implement such a restriction as governments worldwide tighten rules to protect children online.

FULL STORY: https://t.co/iHmn2fBvMj

#AsaaseNews | #AsaaseDigital",1,1,1,3,positive,neutral,0.9500,2.5021,The tweet mentions minors and involves a digital context (social media use) while providing information about a government regulation.,0,
qwen2.5:7b,2067880134724509847,"How can countries work together to make the online world safer for children? 

Join the roundtable to learn how countries can strengthen co-operation to better protect children online. 
Register here: https://t.co/wlikMRdcSg

#BetterPoliciesForBetterLives",1,1,1,3,positive,neutral,0.9000,2.9203,"The tweet mentions children and involves an online context, satisfying both conditions for relevance. The sentiment is neutral as it does not express a clear opinion on digital restrictions or regulations.",0,
qwen2.5:7b,2067746480769622354,"Texas has taken big steps towards giving more power to parents and positioning Texas as a national leader in the effort to protect children online.

Now, it's time for Congress to follow the Texas approach to online child safety.",0,1,0,1,irrelevant,positive,0.9000,2.5237,Mentions minors (children) and involves digital context (online child safety). The tweet supports regulations for protecting children online.,0,
qwen2.5:7b,2067746344312471990,"@PaulGregor26129 These companies are almost all foreign multinationals. 
They structure their UK subsidiaries so they show almost no profit, so the UK gets very little corporation tax. 
We carry the energy, water, and land burden they extract the value.

They only create about 30-40 permanent",0,0,0,0,irrelevant,irrelevant,0.0000,2.0238,The tweet does not mention minors or any digital context.,1,
qwen2.5:7b,2067743366360494520,"They are really serious about this so we need to seriously bring in a resistance. 

Don't want Passportweb “to protect children online”",0,1,0,1,irrelevant,positive,0.9000,2.0894,Mentions protection for children and involves digital context (online).,0,
qwen2.5:7b,2067687991523606748,The European Union is planning to introduce a passport-linked internet access system to better protect children online and intends to actively combat the use of VPNs to bypass it.,0,1,0,1,irrelevant,positive,0.9500,2.8194,"Mentions minors (children) and involves a digital context (internet access system, combating VPNs). The tweet supports the introduction of regulations for online protection.",0,
qwen2.5:7b,2067657469858357399,"As the pay to play campaign ramps up targeting the App Store accountability act federally, Texas demonstrated the law is constitutional, privacy preserving &amp; just plain common sense.

My latest on how we can empower parents to protect children online:",0,0,0,0,irrelevant,irrelevant,0.9500,2.0564,The tweet does not mention minors or a digital context.,1,
qwen2.5:7b,2067609404153692496,"Over the last ten days, our incredible supporter Alexandra Nightingale  has trekked to the summit of Mount Kilimanjaro, Africa's highest peak, to raise funds for IWF and help protect children online.

She's raised an amazing £9,500 so far, and her JustGiving page is still open if",0,1,0,3,irrelevant,neutral,0.8000,2.2849,Mentions minors (children) and involves a digital context through online fundraising for child protection.,0,
qwen2.5:7b,2067582979409633490,"The 🇦🇪UAE has set 15 as the minimum age for social media access, joining a growing global movement to protect children online.

🇦🇺Australia already restricts access for under-16s, while the UK has announced similar measures.

Could🇮🇳India be next?⬇️",1,1,1,3,positive,neutral,0.9500,2.1276,Mentions minors and involves digital context through social media access restrictions.,0,
qwen2.5:7b,2067563808344695099,"Hot on the heels of announcing a ban on social media for under 16s, the UK is expected to announce a ban on VPNs next month. This is meant to protect children online, but we've been here before...

I thought I'd break down the key policies of the last 10 years, what they claimed",0,1,0,3,irrelevant,neutral,0.9500,2.3758,"Mentions minors and involves digital context (social media ban), though the tweet itself is neutral.",0,
qwen2.5:7b,2067513961260396990,@elonmusk Now they want to restrict VPNs under the false premise of saying they want to protect children online. If you have to prove your id when using a VPN it destroys the whole purpose of using one. Privacy online will be completely dead and we will be under constant surveillance.,0,0,0,0,irrelevant,irrelevant,0.0000,2.0512,Lacks mention of minors or digital context related to them.,1,
qwen2.5:7b,2067287596729012345,"Make it make sense.

The same people comprising the UK's leadership (Starmer, etc.) who are all of a sudden going overboard on the dire need to protect children online did NOTHING to protect hundreds of thousands of children from being brutalized by rape gangs going back THIRTY",0,0,0,0,irrelevant,irrelevant,0.9500,1.9808,Lacks mention of minors and digital context.,1,
qwen2.5:7b,2067283173529002217,"Whistleblowers for Freedom Advocacy of Canada
PUBLIC WARNING — The Age Verification Trap

It started in the United Kingdom. The Online Safety Act told parents it would protect children online. Nobody asked why children needed to prove their identity to access the internet.

That",0,0,0,0,irrelevant,irrelevant,0.9500,2.1302,Lacks mention of minors and does not involve a digital context.,1,
qwen2.5:7b,2067251452850950447,"""More than 900 parents in Henrico County petitioned the school board to adopt a screen time policy, and roughly 1,390 Chesterfield County parents and 160 Richmond parents asked districts to pull devices for grades K-2.""

Henrico parents urge school board to adopt new tech rules",0,1,0,3,irrelevant,neutral,0.8000,3.0020,"The tweet mentions minors (parents and children) and involves a digital context (screen time policy, devices). It is neutral as it reports on the petition without expressing a clear opinion.",0,
qwen2.5:7b,2067221381771665493,"We call on @Parliament_Ug and @UCC_Official to strengthen laws and regulations that protect children online, including age-appropriate access to social media platforms and accountability for technology companies. #ProtectChildren",1,1,1,1,positive,positive,0.9500,2.5905,"Mentions minors (children) and involves digital context (online, social media). The tweet supports regulations to protect children online.",1,
qwen2.5:7b,2067187204536037558,"The UK government aims to protect children online, but its proposed social media ban for those under 16 raises a broader question: whether child safety can be enforced without turning the internet into an identity checkpoint. However, privacy advocates and platforms caution that",0,1,0,3,irrelevant,neutral,0.9000,2.9230,The tweet mentions minors (children) and involves a digital context (social media ban). It is neutral as it presents both sides of the argument without clear support or opposition.,0,
qwen2.5:7b,2067183502852784511,"Keir Starmer wants to protect children online but let’s not forget his party voted against a national rape gang enquiry three times. Where up to 250,000 British girls were raped by predominantly Pakistani Muslim men.",0,0,0,0,irrelevant,irrelevant,0.0000,2.0167,The tweet does not mention minors or any digital context.,1,
qwen2.5:7b,2067165565722996872,"If @Keir_Starmer really wanted to protect children online, he'd get his online snoopers, sorry, task force to identify, close accounts of and jail the paedophiles using online platforms to groom kids &amp; share CP.  Instead, its an excuse to limit freedoms of 68 million British",0,1,0,2,irrelevant,negative,0.9500,2.3002,"Mentions minors and involves digital context (online platforms), but the sentiment opposes restrictions.",0,
qwen2.5:7b,2067140247121514837,"‼️ Close the legal gap.
‼️ Protect children, not predators.

Since 3 April, there has been a major legal gap in protecting children from online sexual abuse. 

This is what we are missing:
◼️38 reports every minute
◼️54,795 reports every day
◼️20 million reports every year

We",1,1,2,1,negative,positive,0.9000,2.8778,"The tweet mentions children and involves a digital context related to online safety, which are both required for relevance. The sentiment is positive as it supports the protection of children.",0,
qwen2.5:7b,2067129618998476851,"My friend Erickson Odhiambo has raised the need for a law to be enacted to protect children online. This parliament should do some good. 

TG @KANUParty_ke 
@SGEOdhiambo",0,1,0,1,irrelevant,positive,0.9000,3.0214,"The tweet mentions minors (children) and involves a digital context of online protection, which aligns with the topic. The sentiment is positive as it supports enacting laws for child protection.",0,
qwen2.5:7b,2066975983958143344,"Ottawa's proposed Safe Social Media Act raises fears of fines, censorship and a tech exodus 📵

The federal government's plan to fine non-compliant social media companies more than 3% of global revenue could trigger legal challenges, strain relations with the United States and",0,0,0,0,irrelevant,irrelevant,0.0000,1.9785,Lacks mention of minors or a digital context.,1,
qwen2.5:7b,2066956288089559525,"@notkatbaker We're angry about the government pretending to care about children and using them as a pretext for introducing mandatory ID for adults to use social media.

There are other, better, ways to protect children online than a blanket ban by central government.",0,1,0,2,irrelevant,negative,0.9000,2.3275,The tweet mentions minors and involves digital context (social media) while expressing opposition to digital restrictions.,0,
qwen2.5:7b,2066900982215188494,"""You have plans to protect children online. How about protecting them in their own homes?""

Research shows physical punishment damages children's future. Joan Walmsley challenged the government to give them the same legal protection from assault adults enjoy. 

@joan_walmsley",0,0,0,0,irrelevant,irrelevant,0.0000,2.1671,The tweet does not mention any digital context or minors in a digital setting.,1,
qwen2.5:7b,2066882168303853925,"@brianeharrison For those under 16, the UK has not banned Discord, Kik, Omegle, YouNow, and other predatory webcam streaming sites, and messaging apps like Signal and WhatsApp. The rules are not meant to protect children online. They never were.",0,1,0,2,irrelevant,negative,0.9000,2.6806,"Mentions minors (children) and involves digital context (apps, online safety). The tweet opposes the idea of protecting children online through regulations.",0,
qwen2.5:7b,2066869697698504723,"British Prime Minister Keir Starmer has announced a sweeping ban on social media use for those under 16, joining other countries around the world seeking to protect children online.",0,1,0,1,irrelevant,positive,0.9500,2.2679,Mentions minors and involves a digital context (social media ban) while supporting regulations.,0,
qwen2.5:7b,2066789961093849186,"Ultimately I believe it is with very rare exceptions (alcohol, smoking) not right to ban an entire group of people -by whatever demographic definition- from doing something, we should be looking at how to protect children online - and outright ban won’t work and it won’t hold.",0,1,0,2,irrelevant,negative,0.9000,3.0208,"The tweet mentions minors (children) and involves a digital context (banning an entire group from doing something, which can be related to online activities). The sentiment is negative towards bans.",0,
qwen2.5:7b,2066773323271524835,"The UK plans to ban under-16s from major social media (TikTok, Instagram, X) from Spring 2027 to protect children online.

- Messaging apps like WhatsApp are excluded.
- Platforms must block under-16s from livestreaming &amp; stranger contact. AI chatbots also restricted for minors.",1,1,1,1,positive,positive,0.9500,2.0953,Mentions minors and involves digital context through social media restrictions.,1,
qwen2.5:7b,2066756083587182923,"Loudly: ""I'll do anything to protect children online""
Quietly: ""I'll say/do anything to convince you #digitalID is a good thing...""
Silently: ""I want to visibility into your entire life; personal messages, pictures, financial information, political persuasion. Nothing is private""",0,1,0,3,irrelevant,neutral,0.9000,2.7155,"Mentions minors and involves digital context (online protection), but the tweet does not clearly express a positive or negative sentiment towards restrictions, hence neutral.",0,
qwen2.5:7b,2066745641271754970,"""We welcome the UK Government’s announcement of new measures to better protect children online.""",0,1,0,1,irrelevant,positive,0.9500,2.5994,Mentions minors (children) and involves digital context (online protection). The tweet supports regulations for the safety of children.,0,
qwen2.5:7b,2066699027538743735,"@elonmusk @TRobinsonNewEra Coming from a billionaire in a country that has blocked fans from travelling, cancelled visas for law-abiding supporters, prevented some teams from training in the US and even barred referees without reason, that’s quite a lecture.

The same people who demand every country bend",0,0,0,0,irrelevant,irrelevant,0.0000,1.9485,Lacks mention of minors or digital context.,1,
qwen2.5:7b,2066681954632650942,"‘The seventh woke commandment is you will honour the state as mother and father.’

Simon Hankinson of the Heritage Foundation believes that social media, when overused, is ‘destructive’, but that it’s the parents' responsibility, not the state’s, to protect children online.",0,0,0,0,irrelevant,irrelevant,0.9500,2.1754,Lacks mention of minors and does not discuss digital context or regulations.,1,
qwen2.5:7b,2066670577994088519,"‘Starmer should call out what these tech companies are doing, rather than politicians clamping down on our freedoms.’
 
@beverleyturner blasts Keir Starmer’s under-16s social media ban, believing it’s the responsibility of parents, not the government, to protect children online.",0,0,0,0,irrelevant,irrelevant,0.9500,2.1556,Lacks mention of minors and does not discuss a digital context.,1,
qwen2.5:7b,2066662973158928733,"Prince Harry and Meghan’s statement on the UK government’s new measures to protect children online.

“The stories shared through the Lost Screen Memorial remind us that behind every debate about technology and regulation are real families whose lives have been forever changed.”",0,1,0,3,irrelevant,neutral,0.9000,2.8832,"Mentions minors (families) and involves digital context (technology, regulation). The statement is neutral as it describes the impact of debates without taking a clear stance.",0,
qwen2.5:7b,2066652008434512175,"British Prime Minister Keir Starmer has announced a sweeping ban on social media use for those under 16, joining other countries around the world seeking to protect children online.

The ban will include social platforms like Snapchat, TikTok, YouTube, Instagram, Facebook and X,",1,1,1,1,positive,positive,0.9500,2.8467,"Mentions minors (children) and involves a digital context (social media ban). The tweet supports the ban, aligning with positive/supportive sentiment.",1,
qwen2.5:7b,2066650594207584644,"A online safety act to protect children online but when they catch pedos with exploitive images they let them
Of with a slap on the wrist. Make sense of that. Why not target the pedos with the sentences they deserve instead. We all know why…..

They don’t give a fuck about our",0,1,0,2,irrelevant,negative,0.9000,2.7633,Mentions minors (children) and involves digital context (online safety). The tweet expresses negative sentiment towards the lack of strict regulations on pedophiles.,0,
qwen2.5:7b,2066633886319202670,"@PolitlcsUK Weird how people scream that we should “protect are kids” but when it comes to actually making sure children are safe online from pedophiles - they get oddly antsy and upset.

You can’t protect children online without a compromise.",0,1,0,3,irrelevant,neutral,0.9500,2.7781,Mentions minors (children) and involves digital context (online safety). The tweet is neutral as it does not clearly support or oppose digital restrictions.,0,
qwen2.5:7b,2066627662676652524,"""Astatement from Prince Harry and Meghan, Duke and Duchess of Sussex.""

""We welcome the UK Government’s announcement of new measures to better protect children online.""",0,1,0,1,irrelevant,positive,0.9500,2.5788,Mentions minors (children) and involves digital context (online protection). The statement supports regulations for the safety of children online.,0,
qwen2.5:7b,2066612572099367400,"UK Takes A Step Toward Online Safety | The Office of the Duke and Duchess of Sussex, Prince Harry and Meghan. 

“We welcome the UK Government’s announcement of new measures to better protect children online.”",0,1,0,1,irrelevant,positive,0.9000,2.7398,"Mentions minors (children) and involves digital context (online safety). The tweet supports the announcement, indicating a positive attitude towards digital restrictions for protection.",0,
qwen2.5:7b,2066602845059846541,"UK Takes A Step Toward Online Safety | The Office of the Duke and Duchess of Sussex

“We welcome the UK Government’s announcement of new measures to better protect children online.”",0,1,0,1,irrelevant,positive,0.9000,2.7961,"Mentions minors (children) and involves digital context (online safety). The tweet supports the announcement, indicating a positive attitude towards digital restrictions for protection.",0,
qwen2.5:7b,2066602067826016582,"The UK’s recent social media ban for under-16s, alongside similar measures in other countries, reflects the right diagnosis but the wrong prescription.

Blanket bans risk undermining children’s rights to expression and access to information, while driving intrusive",0,1,0,2,irrelevant,negative,0.9000,2.8205,"The tweet mentions minors (under-16s) and involves a digital context (social media ban). The sentiment opposes the ban, emphasizing freedom of use.",0,
qwen2.5:7b,2066590700859466229,"@ryangerritsen @Kirky861 This tells us all we need to know. Google a country name with ""protect children online"" and you'll see it's global.",0,1,0,3,irrelevant,neutral,0.9500,2.8424,Mentions minors (children) and involves digital context (protecting children online). The tweet is neutral as it provides information rather than expressing a clear opinion.,0,
qwen2.5:7b,2066589422405947480,"🆕 Sussex Update | UK TAKES A STEP TOWARD ONLINE SAFETY

A statement from Prince Harry and Meghan, Duke and Duchess of Sussex.

“We welcome the UK Government’s announcement of new measures to better protect children online”

🔗https://t.co/H6yVY0Gv2v,",0,1,0,1,irrelevant,positive,0.9500,2.7241,Mentions minors (children) and involves digital context (online safety). The tweet expresses a positive attitude towards digital restrictions or regulations for minors.,0,
qwen2.5:7b,2066588201607909799,@NadiaWhittomeMP Please feel free to look at this article which lays out why such blanket bans will bring more harms than goods and the alternative options to protect children online and tackle Big Tech enshittification. Thank you.,1,0,2,0,negative,irrelevant,0.9500,2.0620,The tweet does not mention minors or a digital context.,0,
qwen2.5:7b,2066586655851520469,"British Prime Minister Keir Starmer announces a sweeping ban on social media use for those under 16, joining other countries around the world seeking to protect children online.",1,1,3,1,neutral,positive,0.9500,2.4090,Mentions minors and involves a digital context (social media ban) while supporting regulations for child protection.,0,
qwen2.5:7b,2066573996188168412,"Not royals latest 

PA: “The Duke and Duchess of Sussex have welcomed the Government’s social media ban for under-16s but warned “while measures such as these help reduce harm, they do not fix the problem at its source”.
“We welcome the UK Government’s announcement of new",1,1,1,1,positive,positive,0.9000,2.7190,"Mentions minors (under-16s) and involves digital context (social media ban). The tweet supports the ban, emphasizing child protection.",1,
qwen2.5:7b,2066567179969909096,"@GuidoFawkes It means Digital ID.

Govt monitoring your every move &amp; your voice being muted.

Nothing to do with online safety.  

The tools to protect children online, what they see, what content and apps they can use have existed for at least a decade.",1,0,2,0,negative,irrelevant,0.0000,2.0966,Lacks mention of minors or digital context related to online safety.,0,
qwen2.5:7b,2066564514166755377,"🇬🇧 The UK Government has clarified that adults will still be able to use social media platforms after verifying their identity.

Approved methods include digital IDs, facial recognition, passports, and credit cards. 

The move is part of efforts to protect children online while",1,1,3,3,neutral,neutral,0.9500,3.2102,"Mentions minors (efforts to protect children) and involves a digital context (social media platforms, identity verification). The tweet is neutral as it provides factual information without expressing a clear opinion on restrictions.",1,
qwen2.5:7b,2066561623871918374,"@elonmusk No it’s not @elonmusk ! It’s a very good way to protect children online from things such as sexual grooming, bullying and suicide prevention. The social media platforms don’t do anywhere near enough to crack down on these things. If you don’t agree with the approach, then how",1,1,1,1,positive,positive,0.9500,2.3832,Mentions minors and involves digital context (online safety). The tweet supports digital restrictions for children.,1,
qwen2.5:7b,2066553201386721360,"@elonmusk you can't spend years cutting moderation teams and rolling back safety oversight, then act shocked when governments decide they need to step in and protect children online",1,1,1,3,positive,neutral,0.9500,2.7475,"Mentions children and involves digital context (safety oversight, protection online). The tweet is neutral as it describes the situation without a clear stance.",0,
qwen2.5:7b,2066550380452786334,"I have rarely read so much rubbish from The Spectator.

The conservative rag that it has become, coupled with the increasingly poor standard of its editorial judgement, means that articles such as this are difficult to take seriously. I suspect many Conservatives themselves will",0,0,0,0,irrelevant,irrelevant,0.0000,2.0987,Lacks mention of minors and does not involve a digital context.,1,
